{"cameraMode":{"drawMode":0,"name":"Shaded","section":"Shading Mode"},"sceneLighting":false,"audioPlay":false,"sceneViewState":{"showFog":true,"showMaterialUpdate":false,"showSkybox":true,"showFlares":true,"showImageEffects":true,"showParticleSystems":true},"in2DMode":false,"pivot":{"x":46.154701232910159,"y":112.84844970703125,"z":-160.7753143310547},"rotation":{"x":0.22333234548568726,"y":-0.2143324613571167,"z":0.050410717725753787,"w":0.9495488405227661},"size":868.2289428710938,"orthographic":true}